empno,ename,sal,job,doj,deptno,manager_id,bonus
1,Employee_1,45612,Engineer,2021-04-20,7,981,3699
2,Employee_2,27166,Analyst,2020-04-25,7,553,2153
3,Employee_3,28428,Manager,2022-09-22,4,506,4304
4,Employee_4,17749,Manager,2020-06-18,4,794,2864
5,Employee_5,36355,Engineer,2022-02-28,7,790,1971
6,Employee_6,10841,Engineer,2021-01-06,3,78,1163
7,Employee_7,48664,Assistant,2020-11-25,10,463,1141
8,Employee_8,44498,Manager,2020-10-08,3,540,1314
9,Employee_9,18686,Manager,2021-11-26,4,299,1630
10,Employee_10,21091,Engineer,2021-04-19,6,568,3297
11,Employee_11,41289,Engineer,2019-07-22,3,79,2589
12,Employee_12,16345,Assistant,2022-09-29,10,720,3839
13,Employee_13,19518,Assistant,2021-06-28,1,531,4003
14,Employee_14,10057,Engineer,2020-06-28,4,681,1682
15,Employee_15,15728,Analyst,2021-05-25,10,680,1523
16,Employee_16,12613,Manager,2020-07-11,2,742,4482
17,Employee_17,17824,Engineer,2019-07-25,9,33,1444
18,Employee_18,12274,Assistant,2022-12-05,8,530,2793
19,Employee_19,28351,Analyst,2021-09-19,1,306,1589
20,Employee_20,15469,Assistant,2021-02-12,2,380,4915
21,Employee_21,48544,Analyst,2020-08-30,5,392,1005
22,Employee_22,38852,Analyst,2019-10-03,6,629,1879
23,Employee_23,19276,Analyst,2020-05-04,1,59,3329
24,Employee_24,29535,Analyst,2022-11-19,6,189,3988
25,Employee_25,31481,Engineer,2023-06-13,9,61,4609
26,Employee_26,41257,Analyst,2022-05-25,8,799,2108
27,Employee_27,11840,Manager,2022-02-16,2,150,4270
28,Employee_28,45910,Engineer,2020-03-06,1,199,1841
29,Employee_29,14472,Assistant,2022-01-15,5,772,1200
30,Employee_30,18717,Manager,2021-10-24,8,910,4662
31,Employee_31,43129,Engineer,2022-04-30,8,777,2091
32,Employee_32,34026,Assistant,2023-03-23,8,493,2424
33,Employee_33,49184,Manager,2021-05-05,1,548,2542
34,Employee_34,24603,Engineer,2021-12-28,3,270,1958
35,Employee_35,18208,Engineer,2021-11-03,8,798,2210
36,Employee_36,26850,Assistant,2020-12-10,5,498,4315
37,Employee_37,25050,Manager,2021-08-03,9,601,2454
38,Employee_38,31007,Engineer,2020-04-28,6,200,3768
39,Employee_39,40777,Manager,2020-10-24,2,877,1101
40,Employee_40,32856,Engineer,2019-07-25,8,489,4032
41,Employee_41,18507,Manager,2023-01-07,4,803,3549
42,Employee_42,13684,Analyst,2020-05-03,9,512,2805
43,Employee_43,46101,Manager,2019-10-21,9,357,4707
44,Employee_44,16931,Analyst,2022-07-27,8,669,3397
45,Employee_45,41665,Assistant,2022-10-18,10,709,4187
46,Employee_46,34680,Assistant,2019-08-10,2,260,4845
47,Employee_47,42617,Engineer,2020-07-09,1,807,2288
48,Employee_48,14435,Manager,2022-07-22,2,272,1921
49,Employee_49,25967,Assistant,2023-06-19,7,463,3225
50,Employee_50,41923,Manager,2021-03-02,6,915,2907
51,Employee_51,47290,Analyst,2023-04-22,6,488,4724
52,Employee_52,27701,Manager,2023-01-28,1,191,2596
53,Employee_53,42616,Analyst,2019-08-15,4,612,4280
54,Employee_54,43489,Manager,2022-01-17,5,301,3386
55,Employee_55,11292,Analyst,2020-10-28,7,253,4082
56,Employee_56,29157,Assistant,2023-06-16,9,819,3401
57,Employee_57,32724,Manager,2020-09-08,5,149,4315
58,Employee_58,11259,Analyst,2021-08-05,8,189,3714
59,Employee_59,45900,Analyst,2021-12-20,6,279,4355
60,Employee_60,13288,Manager,2020-03-04,9,708,4111
61,Employee_61,39628,Analyst,2020-06-23,1,742,4627
62,Employee_62,17555,Manager,2021-03-07,9,861,1620
63,Employee_63,36816,Assistant,2021-10-23,3,156,3754
64,Employee_64,28321,Analyst,2019-08-06,4,339,4555
65,Employee_65,45090,Engineer,2022-02-26,3,985,1912
66,Employee_66,23567,Analyst,2019-06-20,8,293,2172
67,Employee_67,17510,Engineer,2021-07-31,3,846,3190
68,Employee_68,11276,Assistant,2020-07-13,9,796,3741
69,Employee_69,11948,Assistant,2021-04-10,9,310,3850
70,Employee_70,47882,Analyst,2023-03-10,9,301,3717
71,Employee_71,46018,Assistant,2022-03-06,7,636,2466
72,Employee_72,22627,Manager,2021-03-23,9,720,1532
73,Employee_73,30884,Engineer,2020-12-17,10,785,1134
74,Employee_74,20778,Analyst,2019-10-19,2,897,1461
75,Employee_75,49008,Engineer,2022-08-13,7,329,2979
76,Employee_76,38970,Engineer,2020-10-07,5,806,4353
77,Employee_77,47748,Assistant,2021-03-14,8,768,1767
78,Employee_78,49476,Manager,2020-04-11,8,25,3144
79,Employee_79,23261,Manager,2022-04-13,9,261,3783
80,Employee_80,24519,Engineer,2023-04-24,9,673,1787
81,Employee_81,31024,Manager,2022-01-29,4,83,3082
82,Employee_82,23583,Assistant,2023-01-28,4,707,3550
83,Employee_83,10382,Manager,2020-01-01,10,166,3453
84,Employee_84,16280,Analyst,2022-03-11,2,651,1067
85,Employee_85,18001,Assistant,2020-04-03,1,703,3143
86,Employee_86,27603,Analyst,2021-06-09,4,847,2132
87,Employee_87,49921,Engineer,2020-12-15,7,658,3422
88,Employee_88,44811,Engineer,2020-07-18,8,757,2522
89,Employee_89,46109,Manager,2021-08-24,9,486,4257
90,Employee_90,23060,Engineer,2023-03-14,8,959,4909
91,Employee_91,38759,Manager,2022-12-02,6,83,4401
92,Employee_92,26256,Analyst,2019-07-06,10,864,4258
93,Employee_93,33378,Assistant,2020-04-05,5,276,1289
94,Employee_94,36213,Manager,2020-03-18,6,723,1381
95,Employee_95,48844,Assistant,2022-04-03,8,254,3650
96,Employee_96,29282,Manager,2022-08-01,4,961,2435
97,Employee_97,49361,Manager,2023-05-11,6,57,4065
98,Employee_98,37867,Assistant,2022-10-08,9,101,4981
99,Employee_99,26860,Manager,2022-11-15,9,233,3128
100,Employee_100,28021,Analyst,2021-03-17,1,682,4071
101,Employee_101,14368,Assistant,2020-10-13,5,156,1204
102,Employee_102,34476,Assistant,2021-05-10,4,668,1173
103,Employee_103,26479,Analyst,2019-07-09,1,756,4543
104,Employee_104,39244,Manager,2021-06-09,10,142,3002
105,Employee_105,30515,Manager,2020-11-19,7,845,2999
106,Employee_106,11892,Assistant,2021-04-21,2,864,1131
107,Employee_107,35508,Analyst,2021-06-25,9,788,1593
108,Employee_108,30052,Manager,2019-11-28,5,233,3434
109,Employee_109,38406,Manager,2022-01-01,2,156,4941
110,Employee_110,33844,Assistant,2020-01-20,9,207,1051
111,Employee_111,41957,Engineer,2020-07-07,10,337,4872
112,Employee_112,29538,Manager,2020-07-29,10,361,3320
113,Employee_113,10507,Assistant,2023-05-31,10,167,4495
114,Employee_114,21544,Assistant,2020-06-12,4,286,3831
115,Employee_115,29069,Assistant,2019-09-19,4,312,4668
116,Employee_116,42168,Engineer,2022-08-29,9,804,4846
117,Employee_117,16609,Engineer,2021-01-20,10,931,3667
118,Employee_118,40370,Analyst,2021-04-08,8,296,4650
119,Employee_119,15059,Assistant,2019-10-12,9,663,1772
120,Employee_120,22130,Analyst,2021-09-29,7,691,1705
121,Employee_121,35888,Engineer,2021-10-23,9,639,3187
122,Employee_122,40760,Assistant,2022-01-30,5,6,4554
123,Employee_123,17116,Assistant,2020-10-08,6,574,1514
124,Employee_124,33840,Engineer,2019-08-21,3,732,2879
125,Employee_125,33468,Analyst,2021-02-18,9,655,1647
126,Employee_126,21190,Assistant,2022-09-24,2,750,2839
127,Employee_127,23984,Manager,2019-12-08,10,293,3831
128,Employee_128,43159,Assistant,2020-12-06,7,59,3908
129,Employee_129,34451,Analyst,2022-01-18,1,35,3837
130,Employee_130,46217,Analyst,2021-02-22,5,852,1103
131,Employee_131,20566,Analyst,2021-07-01,6,561,1340
132,Employee_132,16129,Analyst,2020-11-27,5,888,4997
133,Employee_133,19666,Manager,2019-09-04,3,699,2264
134,Employee_134,12884,Manager,2021-07-19,2,64,2879
135,Employee_135,31603,Manager,2022-06-18,5,756,1349
136,Employee_136,33966,Analyst,2022-01-24,10,622,1708
137,Employee_137,30642,Assistant,2022-12-29,8,458,2301
138,Employee_138,15461,Manager,2020-07-11,10,654,2275
139,Employee_139,38310,Manager,2020-10-29,5,594,3021
140,Employee_140,39659,Assistant,2021-05-23,6,423,2224
141,Employee_141,47649,Assistant,2022-03-19,9,37,3690
142,Employee_142,16258,Engineer,2022-04-15,2,197,3475
143,Employee_143,34479,Engineer,2021-11-19,3,384,4295
144,Employee_144,26856,Manager,2020-05-31,2,713,4087
145,Employee_145,10889,Engineer,2022-11-30,5,430,1145
146,Employee_146,25577,Analyst,2021-05-11,3,205,3710
147,Employee_147,33225,Assistant,2022-05-24,4,380,4028
148,Employee_148,38979,Assistant,2021-04-05,1,726,4734
149,Employee_149,26813,Analyst,2022-04-06,3,181,2198
150,Employee_150,24572,Engineer,2021-01-12,5,140,3956
151,Employee_151,41835,Manager,2020-10-19,9,577,1334
152,Employee_152,17484,Assistant,2019-12-02,8,124,1830
153,Employee_153,32749,Manager,2019-07-04,5,356,3300
154,Employee_154,43838,Manager,2020-07-23,8,836,1811
155,Employee_155,30001,Engineer,2021-11-08,1,852,2702
156,Employee_156,19928,Manager,2020-05-04,6,189,3034
157,Employee_157,16775,Manager,2021-08-30,8,329,2412
158,Employee_158,14165,Assistant,2022-11-27,8,761,2527
159,Employee_159,44558,Engineer,2022-12-20,6,654,1688
160,Employee_160,48335,Assistant,2023-02-16,7,930,3254
161,Employee_161,12675,Analyst,2022-10-14,4,370,2559
162,Employee_162,11323,Analyst,2020-12-02,7,476,4611
163,Employee_163,28094,Manager,2021-07-04,5,624,3270
164,Employee_164,48755,Analyst,2022-08-31,4,877,4030
165,Employee_165,23403,Analyst,2019-07-20,4,68,2827
166,Employee_166,16966,Analyst,2021-04-25,6,691,3338
167,Employee_167,40884,Assistant,2022-04-05,10,950,1931
168,Employee_168,26537,Manager,2019-07-25,6,310,4916
169,Employee_169,28148,Assistant,2021-03-27,1,17,3705
170,Employee_170,22578,Engineer,2019-08-13,2,165,4167
171,Employee_171,28687,Analyst,2020-07-21,7,645,3400
172,Employee_172,15362,Engineer,2022-05-05,1,524,3475
173,Employee_173,16755,Manager,2023-06-15,10,657,3241
174,Employee_174,24527,Analyst,2021-03-22,5,648,2149
175,Employee_175,42807,Analyst,2019-12-15,2,752,1854
176,Employee_176,47462,Analyst,2023-05-05,3,661,2604
177,Employee_177,37744,Engineer,2022-10-01,3,484,4039
178,Employee_178,11079,Assistant,2022-07-12,3,361,1000
179,Employee_179,11984,Assistant,2022-12-13,4,275,3809
180,Employee_180,15422,Engineer,2021-04-21,6,203,2399
181,Employee_181,45923,Manager,2020-08-03,5,931,1310
182,Employee_182,39032,Manager,2021-09-21,6,637,1617
183,Employee_183,24872,Assistant,2021-06-13,8,502,1537
184,Employee_184,42950,Assistant,2022-09-01,8,474,1495
185,Employee_185,35082,Analyst,2020-06-08,1,381,2585
186,Employee_186,26870,Analyst,2021-05-02,1,301,1641
187,Employee_187,37092,Analyst,2019-12-19,7,118,2683
188,Employee_188,40808,Assistant,2022-07-14,6,203,2842
189,Employee_189,15151,Assistant,2021-06-21,7,607,1886
190,Employee_190,14801,Engineer,2022-02-26,9,216,2731
191,Employee_191,48352,Assistant,2022-06-25,10,31,2066
192,Employee_192,21207,Manager,2020-07-19,8,135,2878
193,Employee_193,26249,Analyst,2021-10-10,3,231,3796
194,Employee_194,10461,Engineer,2021-04-21,2,123,1072
195,Employee_195,25544,Assistant,2019-09-26,1,79,4980
196,Employee_196,25348,Analyst,2021-07-09,4,750,2620
197,Employee_197,25930,Engineer,2022-08-05,9,545,2631
198,Employee_198,29037,Manager,2022-12-26,4,356,3648
199,Employee_199,47034,Analyst,2020-09-07,3,117,4262
200,Employee_200,40291,Manager,2019-11-16,3,462,2081
201,Employee_201,44629,Analyst,2022-11-24,10,612,1241
202,Employee_202,41631,Engineer,2021-09-21,1,522,3850
203,Employee_203,31856,Analyst,2019-09-18,3,34,1452
204,Employee_204,48470,Assistant,2021-04-22,2,384,3189
205,Employee_205,29498,Analyst,2020-08-11,3,723,1504
206,Employee_206,42926,Analyst,2022-03-03,2,647,4525
207,Employee_207,22246,Analyst,2020-03-28,5,30,2669
208,Employee_208,14644,Assistant,2022-12-05,5,61,2345
209,Employee_209,41840,Analyst,2020-06-15,7,479,4442
210,Employee_210,41638,Engineer,2019-10-27,1,734,1090
211,Employee_211,23629,Assistant,2019-12-06,5,611,2122
212,Employee_212,12595,Manager,2022-02-15,2,719,4177
213,Employee_213,46443,Manager,2020-10-15,3,890,4913
214,Employee_214,29219,Assistant,2021-06-12,2,921,4380
215,Employee_215,18834,Analyst,2020-12-06,4,872,4788
216,Employee_216,35835,Analyst,2023-04-03,4,261,2628
217,Employee_217,19634,Assistant,2022-07-13,5,206,3726
218,Employee_218,40798,Engineer,2019-07-02,7,556,2293
219,Employee_219,41158,Manager,2023-03-18,5,723,2211
220,Employee_220,14159,Analyst,2019-11-30,2,867,1677
221,Employee_221,39948,Manager,2020-10-29,8,3,1380
222,Employee_222,29998,Analyst,2022-05-06,3,792,1542
223,Employee_223,23764,Engineer,2022-10-31,10,592,4194
224,Employee_224,26265,Assistant,2020-08-23,8,186,1081
225,Employee_225,28009,Assistant,2021-12-29,9,689,2341
226,Employee_226,36578,Engineer,2020-12-02,10,273,4755
227,Employee_227,17099,Engineer,2020-03-23,5,687,3572
228,Employee_228,41784,Manager,2019-12-27,4,163,1726
229,Employee_229,29251,Engineer,2023-01-05,4,951,3888
230,Employee_230,20808,Assistant,2021-08-09,2,195,1284
231,Employee_231,22710,Manager,2022-08-08,2,272,2053
232,Employee_232,42995,Engineer,2021-05-30,8,840,2520
233,Employee_233,30879,Analyst,2020-03-16,7,534,3926
234,Employee_234,32121,Manager,2021-05-28,4,401,1101
235,Employee_235,14898,Manager,2020-06-14,2,973,2587
236,Employee_236,42771,Manager,2022-01-16,2,397,4660
237,Employee_237,36850,Assistant,2021-01-10,10,15,4555
238,Employee_238,13985,Assistant,2021-04-02,5,285,3520
239,Employee_239,15423,Analyst,2021-11-12,8,60,2226
240,Employee_240,19825,Engineer,2019-10-17,9,861,1515
241,Employee_241,12713,Assistant,2019-08-03,5,676,2526
242,Employee_242,31566,Engineer,2022-10-10,2,169,1394
243,Employee_243,47866,Analyst,2019-07-01,1,798,3535
244,Employee_244,11306,Assistant,2021-12-07,2,883,4127
245,Employee_245,30947,Analyst,2019-12-29,8,313,4821
246,Employee_246,34443,Engineer,2023-05-01,2,906,1698
247,Employee_247,40121,Assistant,2020-02-26,10,823,3538
248,Employee_248,33324,Assistant,2023-02-15,10,534,3583
249,Employee_249,38647,Engineer,2021-09-04,1,536,3180
250,Employee_250,15011,Manager,2021-09-07,5,751,4151
251,Employee_251,35629,Analyst,2019-07-19,5,729,1742
252,Employee_252,34149,Manager,2023-01-13,8,806,3499
253,Employee_253,13661,Engineer,2023-04-23,2,174,2919
254,Employee_254,35895,Assistant,2020-02-03,9,444,4399
255,Employee_255,22535,Analyst,2020-03-02,6,253,2820
256,Employee_256,28994,Analyst,2021-10-18,5,802,3989
257,Employee_257,16708,Manager,2022-05-10,9,34,1321
258,Employee_258,19643,Assistant,2022-12-28,1,385,2248
259,Employee_259,24232,Assistant,2021-09-06,7,743,2018
260,Employee_260,44472,Engineer,2020-11-18,2,802,3286
261,Employee_261,41008,Engineer,2019-09-26,7,460,2029
262,Employee_262,12022,Assistant,2021-12-22,3,899,2638
263,Employee_263,15033,Assistant,2022-01-12,10,323,1263
264,Employee_264,34857,Engineer,2021-08-20,10,443,3171
265,Employee_265,27025,Engineer,2019-08-22,1,903,3754
266,Employee_266,12285,Manager,2021-11-02,1,624,1791
267,Employee_267,49370,Manager,2020-01-22,8,464,1803
268,Employee_268,40052,Manager,2023-02-18,3,385,1165
269,Employee_269,40454,Assistant,2023-04-29,6,862,3669
270,Employee_270,13111,Engineer,2021-10-17,3,711,4761
271,Employee_271,48644,Analyst,2019-08-24,2,747,1654
272,Employee_272,17349,Manager,2022-10-10,10,558,3150
273,Employee_273,32047,Assistant,2021-01-16,7,901,2423
274,Employee_274,35239,Assistant,2019-12-04,10,764,3355
275,Employee_275,49452,Assistant,2019-09-01,5,633,1341
276,Employee_276,30556,Engineer,2019-06-23,2,711,2309
277,Employee_277,17655,Engineer,2022-06-01,9,807,3295
278,Employee_278,34597,Assistant,2023-05-27,4,450,4220
279,Employee_279,41126,Engineer,2023-04-29,9,340,2311
280,Employee_280,47657,Assistant,2019-12-09,6,356,1859
281,Employee_281,17175,Analyst,2022-10-30,2,152,4741
282,Employee_282,46036,Engineer,2020-11-05,4,133,4730
283,Employee_283,36430,Assistant,2022-10-28,7,593,3480
284,Employee_284,39862,Manager,2023-02-14,4,939,1450
285,Employee_285,44683,Assistant,2022-08-10,6,830,3358
286,Employee_286,37963,Engineer,2020-11-05,7,825,2877
287,Employee_287,19185,Analyst,2019-12-11,8,14,2132
288,Employee_288,24563,Assistant,2020-04-19,10,202,2338
289,Employee_289,10859,Engineer,2021-03-19,1,322,3872
290,Employee_290,14216,Engineer,2022-08-25,6,935,3570
291,Employee_291,43345,Manager,2022-03-13,4,315,3644
292,Employee_292,42780,Assistant,2019-08-17,7,849,3194
293,Employee_293,38087,Analyst,2022-07-09,1,848,4080
294,Employee_294,20551,Assistant,2019-08-04,8,694,2269
295,Employee_295,28933,Analyst,2021-03-26,4,758,4101
296,Employee_296,40444,Analyst,2023-01-07,1,887,1408
297,Employee_297,34008,Assistant,2021-06-04,6,139,4027
298,Employee_298,18427,Assistant,2023-04-10,2,801,3380
299,Employee_299,29221,Analyst,2023-03-23,3,881,4744
300,Employee_300,15505,Assistant,2020-04-14,3,98,1884
301,Employee_301,35171,Engineer,2021-07-27,9,801,2208
302,Employee_302,25629,Engineer,2023-04-16,9,465,1345
303,Employee_303,20184,Manager,2022-09-03,2,33,4301
304,Employee_304,29814,Engineer,2022-02-25,9,165,1588
305,Employee_305,40799,Engineer,2020-12-30,1,891,2423
306,Employee_306,48675,Engineer,2020-08-25,8,544,3761
307,Employee_307,37795,Engineer,2022-09-02,3,30,2918
308,Employee_308,17296,Engineer,2021-03-20,2,889,3900
309,Employee_309,36956,Analyst,2022-03-02,5,757,1186
310,Employee_310,44128,Engineer,2023-04-29,7,676,1899
311,Employee_311,24715,Engineer,2022-11-08,5,696,3715
312,Employee_312,21520,Manager,2022-03-28,5,125,2886
313,Employee_313,36318,Analyst,2022-06-02,1,469,4795
314,Employee_314,17163,Analyst,2021-08-21,10,163,2827
315,Employee_315,17869,Assistant,2020-08-28,9,776,2509
316,Employee_316,21035,Analyst,2022-09-20,3,734,2280
317,Employee_317,34138,Analyst,2021-07-12,4,324,1417
318,Employee_318,37008,Manager,2022-12-12,5,154,2849
319,Employee_319,29623,Analyst,2019-10-19,2,431,1831
320,Employee_320,29720,Assistant,2022-08-06,2,767,1904
321,Employee_321,49361,Assistant,2019-12-31,9,801,4376
322,Employee_322,20943,Assistant,2022-08-05,6,581,3046
323,Employee_323,27277,Manager,2023-05-12,7,21,1777
324,Employee_324,21544,Engineer,2019-10-31,9,531,2008
325,Employee_325,28768,Assistant,2022-06-12,3,676,3794
326,Employee_326,21301,Manager,2021-01-08,6,976,2845
327,Employee_327,49898,Manager,2022-03-06,8,689,4059
328,Employee_328,47960,Manager,2021-04-01,3,935,2925
329,Employee_329,32001,Manager,2021-05-10,2,706,1345
330,Employee_330,31221,Analyst,2020-06-08,9,635,1448
331,Employee_331,40671,Manager,2023-02-13,2,224,3969
332,Employee_332,12987,Analyst,2021-09-17,1,353,2977
333,Employee_333,47305,Engineer,2022-01-28,1,143,3478
334,Employee_334,35408,Manager,2023-04-03,5,984,3607
335,Employee_335,18903,Manager,2019-11-23,5,697,3901
336,Employee_336,24357,Analyst,2019-06-26,6,915,3946
337,Employee_337,16920,Analyst,2020-11-16,3,846,4033
338,Employee_338,21201,Manager,2022-08-05,3,355,1655
339,Employee_339,44335,Assistant,2019-08-12,10,588,1603
340,Employee_340,27585,Manager,2022-09-15,7,480,4609
341,Employee_341,46019,Analyst,2021-12-22,7,793,1575
342,Employee_342,34748,Engineer,2021-03-21,10,53,2710
343,Employee_343,12419,Engineer,2021-08-10,3,734,1287
344,Employee_344,14025,Analyst,2020-03-29,6,62,4280
345,Employee_345,44046,Analyst,2021-12-10,10,67,3829
346,Employee_346,49802,Analyst,2021-01-10,8,321,4858
347,Employee_347,43012,Engineer,2019-12-25,10,135,4119
348,Employee_348,47509,Analyst,2022-05-30,4,335,3916
349,Employee_349,15167,Engineer,2022-12-21,10,67,2393
350,Employee_350,25114,Assistant,2022-02-28,8,58,4863
351,Employee_351,43179,Engineer,2020-07-02,4,986,3159
352,Employee_352,16761,Engineer,2020-11-09,6,956,2198
353,Employee_353,14805,Manager,2021-10-24,8,285,1954
354,Employee_354,44881,Analyst,2019-11-06,10,76,3530
355,Employee_355,36557,Assistant,2021-07-31,3,770,3765
356,Employee_356,25395,Analyst,2020-02-14,6,252,2627
357,Employee_357,42823,Manager,2020-06-22,8,41,2568
358,Employee_358,26413,Analyst,2021-07-09,10,765,4846
359,Employee_359,32364,Manager,2021-03-12,10,596,3648
360,Employee_360,45333,Engineer,2022-03-30,2,519,1904
361,Employee_361,37915,Assistant,2020-10-10,5,982,2787
362,Employee_362,13189,Analyst,2021-08-25,1,382,4478
363,Employee_363,30098,Assistant,2019-06-23,9,961,3076
364,Employee_364,33860,Engineer,2019-06-24,1,580,1405
365,Employee_365,13962,Engineer,2020-09-01,7,959,3071
366,Employee_366,49021,Assistant,2022-04-29,10,450,4163
367,Employee_367,16400,Engineer,2019-11-08,7,297,4242
368,Employee_368,39965,Assistant,2023-03-26,6,107,4063
369,Employee_369,27360,Assistant,2019-12-23,7,204,3520
370,Employee_370,26190,Engineer,2022-09-26,10,701,1808
371,Employee_371,26331,Manager,2022-06-19,10,465,2311
372,Employee_372,19463,Assistant,2022-07-19,7,560,3042
373,Employee_373,44677,Assistant,2023-02-19,7,797,2153
374,Employee_374,23727,Assistant,2021-06-24,3,276,3215
375,Employee_375,14920,Manager,2021-01-11,5,115,2695
376,Employee_376,32760,Engineer,2022-05-19,2,445,4035
377,Employee_377,39410,Analyst,2022-04-13,5,686,2851
378,Employee_378,43054,Assistant,2022-06-18,9,152,1667
379,Employee_379,40786,Assistant,2019-12-23,1,178,3573
380,Employee_380,35212,Engineer,2022-05-03,5,624,2581
381,Employee_381,11933,Engineer,2019-12-30,5,101,3426
382,Employee_382,36692,Engineer,2020-10-17,8,948,1155
383,Employee_383,15116,Engineer,2019-08-22,3,917,4299
384,Employee_384,34202,Analyst,2021-12-18,7,383,1529
385,Employee_385,10220,Analyst,2023-02-15,9,725,1102
386,Employee_386,11092,Assistant,2020-10-05,3,340,4531
387,Employee_387,29831,Engineer,2022-02-20,6,251,3924
388,Employee_388,10912,Manager,2021-09-07,6,492,1349
389,Employee_389,36782,Manager,2023-04-22,7,401,1590
390,Employee_390,24790,Manager,2021-07-28,2,742,4690
391,Employee_391,29091,Analyst,2021-09-06,10,980,2981
392,Employee_392,26567,Manager,2021-01-25,1,600,3747
393,Employee_393,43855,Analyst,2020-02-13,7,186,2186
394,Employee_394,31856,Assistant,2021-11-23,10,473,1265
395,Employee_395,36357,Manager,2022-10-19,7,102,2867
396,Employee_396,17354,Assistant,2021-01-05,9,666,1363
397,Employee_397,12504,Engineer,2022-07-12,8,560,3683
398,Employee_398,26719,Assistant,2021-08-26,6,954,2685
399,Employee_399,48901,Manager,2022-05-30,4,543,2845
400,Employee_400,34735,Assistant,2020-06-07,9,67,2678
401,Employee_401,31470,Engineer,2022-02-06,5,525,3848
402,Employee_402,48613,Engineer,2021-06-17,7,950,2414
403,Employee_403,22744,Manager,2021-06-22,2,569,4267
404,Employee_404,45436,Engineer,2022-12-17,10,668,1201
405,Employee_405,42907,Engineer,2022-09-24,3,592,3826
406,Employee_406,17398,Assistant,2022-05-17,7,412,2576
407,Employee_407,45234,Analyst,2021-01-12,7,519,3362
408,Employee_408,32136,Engineer,2022-07-03,8,631,2090
409,Employee_409,20254,Assistant,2022-02-08,6,810,3174
410,Employee_410,14467,Analyst,2021-10-11,4,765,1385
411,Employee_411,29444,Manager,2022-08-21,1,884,3705
412,Employee_412,47736,Manager,2019-12-31,10,925,1503
413,Employee_413,19342,Manager,2021-08-29,5,63,2167
414,Employee_414,13430,Analyst,2020-10-12,4,889,4290
415,Employee_415,13107,Engineer,2022-03-09,9,272,4977
416,Employee_416,18799,Engineer,2020-04-19,2,705,4901
417,Employee_417,15241,Manager,2021-09-27,10,760,2541
418,Employee_418,19810,Manager,2022-07-30,6,87,3470
419,Employee_419,14082,Assistant,2022-06-30,5,661,2742
420,Employee_420,22267,Assistant,2020-12-08,10,46,4564
421,Employee_421,20370,Engineer,2020-01-01,7,458,2200
422,Employee_422,16508,Engineer,2022-11-04,3,119,3810
423,Employee_423,46354,Engineer,2021-05-12,7,324,3682
424,Employee_424,17844,Assistant,2020-08-27,7,988,1708
425,Employee_425,19613,Manager,2020-09-11,6,7,1434
426,Employee_426,45340,Engineer,2019-11-27,3,43,1675
427,Employee_427,10610,Analyst,2022-05-24,10,710,2563
428,Employee_428,49621,Engineer,2019-12-22,9,516,1072
429,Employee_429,14219,Manager,2022-09-03,7,701,1291
430,Employee_430,16406,Assistant,2020-01-15,10,86,3993
431,Employee_431,11038,Engineer,2021-05-26,3,601,1880
432,Employee_432,29030,Engineer,2019-07-02,6,177,1362
433,Employee_433,43504,Analyst,2020-11-19,4,638,3851
434,Employee_434,49559,Assistant,2020-12-18,4,295,4731
435,Employee_435,42013,Analyst,2021-09-04,2,295,1408
436,Employee_436,48809,Engineer,2021-12-04,7,40,2049
437,Employee_437,31384,Assistant,2022-12-12,1,16,1778
438,Employee_438,19861,Assistant,2022-02-17,2,474,2446
439,Employee_439,42135,Assistant,2021-12-19,8,175,2511
440,Employee_440,15414,Assistant,2019-10-11,8,567,3429
441,Employee_441,39318,Assistant,2021-05-02,6,598,1495
442,Employee_442,31227,Engineer,2019-08-08,3,975,2321
443,Employee_443,23143,Assistant,2022-11-27,4,521,2436
444,Employee_444,30654,Manager,2022-12-25,3,987,4473
445,Employee_445,27880,Analyst,2022-12-31,5,461,1373
446,Employee_446,28477,Assistant,2022-01-31,7,331,1118
447,Employee_447,49526,Assistant,2022-07-15,5,614,2296
448,Employee_448,31687,Engineer,2023-04-26,8,407,3820
449,Employee_449,12123,Assistant,2020-07-01,8,164,3954
450,Employee_450,19048,Engineer,2022-08-29,2,302,1952
451,Employee_451,32288,Engineer,2020-08-03,6,726,3049
452,Employee_452,16820,Engineer,2023-05-11,3,182,1423
453,Employee_453,12954,Assistant,2023-03-14,2,558,4342
454,Employee_454,30148,Assistant,2019-10-18,8,477,1170
455,Employee_455,45447,Analyst,2020-11-25,5,185,1024
456,Employee_456,21209,Analyst,2023-01-07,8,599,1374
457,Employee_457,44471,Assistant,2022-08-21,9,2,2838
458,Employee_458,39344,Manager,2022-03-23,5,494,2166
459,Employee_459,41379,Manager,2021-10-08,5,106,3280
460,Employee_460,49049,Assistant,2022-12-29,7,778,2538
461,Employee_461,21138,Engineer,2023-03-31,7,623,3067
462,Employee_462,39636,Engineer,2022-12-22,6,771,2867
463,Employee_463,39298,Engineer,2022-03-20,1,193,4746
464,Employee_464,30618,Assistant,2019-12-24,8,679,3822
465,Employee_465,25198,Assistant,2020-12-15,8,901,3112
466,Employee_466,20011,Assistant,2021-09-27,8,423,2961
467,Employee_467,26957,Analyst,2021-07-10,10,390,2511
468,Employee_468,19725,Manager,2021-12-18,2,500,2128
469,Employee_469,11469,Manager,2020-02-12,2,441,3760
470,Employee_470,25628,Analyst,2022-04-01,4,791,4290
471,Employee_471,29524,Manager,2020-11-04,3,990,3992
472,Employee_472,23476,Assistant,2023-02-20,10,238,2247
473,Employee_473,34160,Assistant,2020-03-16,9,217,2502
474,Employee_474,49340,Engineer,2022-09-20,2,440,3981
475,Employee_475,13597,Assistant,2019-08-08,3,341,1248
476,Employee_476,36053,Engineer,2022-04-23,1,894,4234
477,Employee_477,21017,Analyst,2023-02-02,4,24,3192
478,Employee_478,47492,Manager,2023-06-14,5,940,4511
479,Employee_479,32569,Assistant,2022-08-13,5,131,2510
480,Employee_480,42050,Manager,2020-06-23,4,429,2163
481,Employee_481,10622,Engineer,2021-05-05,3,340,1262
482,Employee_482,18281,Manager,2021-05-07,1,771,1638
483,Employee_483,34778,Engineer,2020-12-02,4,198,2954
484,Employee_484,28423,Analyst,2021-07-20,2,267,3019
485,Employee_485,27877,Analyst,2019-07-23,10,629,1417
486,Employee_486,42353,Assistant,2023-03-19,5,587,4185
487,Employee_487,11151,Analyst,2019-08-13,9,61,2258
488,Employee_488,31077,Engineer,2023-02-22,7,966,3245
489,Employee_489,12663,Assistant,2019-08-14,10,925,3725
490,Employee_490,28714,Analyst,2022-06-13,7,747,3326
491,Employee_491,39662,Engineer,2022-02-03,8,961,3384
492,Employee_492,29783,Engineer,2019-09-22,10,706,3577
493,Employee_493,26541,Assistant,2022-09-26,8,363,4095
494,Employee_494,13602,Manager,2020-06-10,7,288,4329
495,Employee_495,41249,Analyst,2023-04-20,1,813,3804
496,Employee_496,26100,Assistant,2021-08-27,3,465,2809
497,Employee_497,29334,Assistant,2022-12-22,1,203,2473
498,Employee_498,29424,Engineer,2019-11-20,8,797,2405
499,Employee_499,13889,Assistant,2022-07-04,5,540,3922
500,Employee_500,22169,Analyst,2023-06-01,7,810,1555
501,Employee_501,13396,Assistant,2021-07-04,8,954,3187
502,Employee_502,41770,Manager,2022-01-21,8,362,3244
503,Employee_503,23734,Assistant,2020-12-01,1,592,1268
504,Employee_504,48042,Manager,2020-02-05,7,604,3146
505,Employee_505,24758,Engineer,2019-11-21,6,976,3058
506,Employee_506,34493,Manager,2022-09-20,10,566,3678
507,Employee_507,47061,Assistant,2020-08-17,5,116,2613
508,Employee_508,25636,Engineer,2022-02-05,4,269,4803
509,Employee_509,40798,Engineer,2020-09-17,5,147,1652
510,Employee_510,25944,Assistant,2020-08-13,9,907,1694
511,Employee_511,42766,Engineer,2021-10-24,6,695,4848
512,Employee_512,24104,Engineer,2022-02-21,3,860,1229
513,Employee_513,36124,Engineer,2020-01-17,1,275,4573
514,Employee_514,26236,Analyst,2022-06-05,3,466,1158
515,Employee_515,17079,Engineer,2022-02-21,5,440,4676
516,Employee_516,39211,Assistant,2019-06-25,8,229,2907
517,Employee_517,42667,Manager,2020-01-10,10,636,2302
518,Employee_518,46809,Engineer,2021-03-09,4,271,3086
519,Employee_519,20300,Analyst,2019-10-20,3,357,1856
520,Employee_520,34197,Assistant,2020-08-30,4,907,4870
521,Employee_521,10647,Assistant,2023-04-21,4,216,1200
522,Employee_522,46791,Manager,2022-04-14,8,939,2935
523,Employee_523,14989,Assistant,2021-06-23,4,988,4765
524,Employee_524,20866,Manager,2019-12-25,6,988,1767
525,Employee_525,31508,Analyst,2020-12-13,7,560,4704
526,Employee_526,46873,Analyst,2019-12-17,3,832,4623
527,Employee_527,33605,Engineer,2021-12-10,8,324,3822
528,Employee_528,43337,Engineer,2022-03-31,4,304,3789
529,Employee_529,33736,Engineer,2023-05-05,5,702,1403
530,Employee_530,40162,Assistant,2020-01-16,2,64,4498
531,Employee_531,24167,Manager,2019-10-10,1,601,3362
532,Employee_532,45103,Engineer,2020-01-30,8,39,3116
533,Employee_533,24180,Engineer,2019-11-28,10,906,2015
534,Employee_534,15398,Engineer,2021-03-22,4,649,4223
535,Employee_535,45591,Analyst,2022-08-15,1,195,4905
536,Employee_536,35686,Engineer,2020-10-14,5,297,4920
537,Employee_537,20692,Manager,2023-03-27,6,906,2848
538,Employee_538,35404,Assistant,2022-09-16,2,398,1700
539,Employee_539,26574,Manager,2022-05-06,4,373,2991
540,Employee_540,40800,Assistant,2023-04-28,6,923,1509
541,Employee_541,21539,Analyst,2023-02-04,1,790,3616
542,Employee_542,42958,Assistant,2019-08-25,9,959,2544
543,Employee_543,48129,Engineer,2022-05-26,9,933,3854
544,Employee_544,16595,Assistant,2021-11-17,10,366,1963
545,Employee_545,32053,Manager,2020-02-14,7,147,4384
546,Employee_546,49085,Manager,2020-02-04,3,808,3137
547,Employee_547,26723,Manager,2022-12-28,6,894,4680
548,Employee_548,49594,Engineer,2019-07-13,4,552,4081
549,Employee_549,12917,Manager,2023-04-28,2,668,4696
550,Employee_550,46762,Engineer,2021-02-19,8,881,4005
551,Employee_551,17293,Assistant,2019-11-06,8,1,4796
552,Employee_552,18606,Manager,2023-01-18,10,590,4753
553,Employee_553,24356,Engineer,2021-02-15,2,289,2793
554,Employee_554,32013,Engineer,2020-05-01,1,805,4849
555,Employee_555,11947,Engineer,2021-02-07,7,610,3472
556,Employee_556,16692,Assistant,2023-03-11,4,709,2954
557,Employee_557,26058,Manager,2020-04-30,10,173,4996
558,Employee_558,24755,Manager,2020-03-31,10,295,4876
559,Employee_559,14938,Analyst,2022-11-25,10,226,4549
560,Employee_560,16760,Manager,2019-12-26,6,654,1343
561,Employee_561,28911,Manager,2022-03-19,4,126,3778
562,Employee_562,43395,Manager,2021-02-27,8,687,1567
563,Employee_563,30100,Assistant,2021-07-18,6,580,2094
564,Employee_564,28392,Analyst,2021-12-19,1,441,4082
565,Employee_565,34114,Manager,2022-07-28,9,303,3400
566,Employee_566,13131,Assistant,2020-04-27,8,355,2031
567,Employee_567,31420,Assistant,2019-10-28,2,982,2904
568,Employee_568,48456,Manager,2020-03-26,4,519,3279
569,Employee_569,38265,Analyst,2022-11-18,1,638,3126
570,Employee_570,14942,Analyst,2021-10-16,7,115,2474
571,Employee_571,49416,Engineer,2020-01-10,4,975,1536
572,Employee_572,20034,Assistant,2020-09-14,4,804,1875
573,Employee_573,40095,Engineer,2021-05-31,7,95,2322
574,Employee_574,27784,Engineer,2022-01-09,7,509,3638
575,Employee_575,18619,Assistant,2022-02-11,4,663,2316
576,Employee_576,25688,Engineer,2022-07-18,6,24,3694
577,Employee_577,46849,Analyst,2020-02-16,6,823,1912
578,Employee_578,20106,Analyst,2021-11-01,2,610,4568
579,Employee_579,29665,Analyst,2019-09-09,5,626,4218
580,Employee_580,45206,Assistant,2023-06-08,10,593,3249
581,Employee_581,19607,Engineer,2020-12-30,3,873,2768
582,Employee_582,20923,Assistant,2021-01-02,3,987,4567
583,Employee_583,37458,Engineer,2023-01-17,10,773,3475
584,Employee_584,32998,Engineer,2019-12-05,1,349,1266
585,Employee_585,36406,Manager,2021-09-02,5,72,2257
586,Employee_586,32471,Analyst,2021-10-22,6,868,1176
587,Employee_587,38428,Analyst,2019-11-26,3,704,3376
588,Employee_588,10469,Manager,2020-10-02,7,266,4906
589,Employee_589,47901,Manager,2019-10-22,5,969,3778
590,Employee_590,24699,Analyst,2021-05-24,1,556,1983
591,Employee_591,45954,Manager,2021-04-25,7,283,1688
592,Employee_592,38152,Assistant,2023-02-09,2,628,2232
593,Employee_593,29796,Engineer,2020-01-19,6,37,4807
594,Employee_594,29716,Assistant,2021-09-23,2,7,2070
595,Employee_595,41573,Assistant,2021-07-30,7,678,1459
596,Employee_596,42494,Assistant,2023-01-01,10,436,2176
597,Employee_597,40897,Manager,2019-10-26,5,901,4597
598,Employee_598,28258,Manager,2022-06-08,3,933,3635
599,Employee_599,11842,Assistant,2021-02-15,9,434,3600
600,Employee_600,16510,Manager,2020-09-04,3,519,2582
601,Employee_601,30644,Analyst,2020-09-24,8,15,4419
602,Employee_602,25207,Analyst,2020-11-01,7,586,2704
603,Employee_603,38951,Manager,2021-02-26,4,327,3250
604,Employee_604,34169,Engineer,2021-03-15,4,600,4201
605,Employee_605,37374,Manager,2023-02-17,5,172,2867
606,Employee_606,25454,Manager,2020-03-04,10,619,3985
607,Employee_607,46745,Engineer,2023-05-02,4,525,3473
608,Employee_608,33529,Analyst,2022-07-29,8,920,1337
609,Employee_609,28176,Analyst,2021-01-25,6,369,2454
610,Employee_610,10392,Engineer,2021-10-09,2,797,2141
611,Employee_611,44032,Engineer,2020-04-14,10,851,1889
612,Employee_612,32000,Engineer,2022-12-16,7,137,2165
613,Employee_613,22354,Assistant,2021-01-20,9,408,3108
614,Employee_614,27461,Manager,2022-02-02,5,912,4754
615,Employee_615,39255,Analyst,2021-04-22,3,75,3633
616,Employee_616,45280,Analyst,2021-02-07,8,582,2924
617,Employee_617,22082,Manager,2021-10-12,9,680,4489
618,Employee_618,48796,Manager,2023-06-04,10,683,2819
619,Employee_619,32118,Engineer,2023-05-24,9,441,1083
620,Employee_620,17857,Manager,2020-09-06,5,129,3787
621,Employee_621,27839,Manager,2020-08-04,8,718,1659
622,Employee_622,17318,Assistant,2022-04-06,1,22,1176
623,Employee_623,10062,Engineer,2020-03-17,7,348,1730
624,Employee_624,23050,Manager,2019-12-26,10,233,1222
625,Employee_625,38675,Engineer,2020-02-01,7,934,1913
626,Employee_626,44458,Assistant,2020-02-18,4,374,3163
627,Employee_627,48686,Analyst,2021-02-24,8,592,3571
628,Employee_628,12593,Manager,2021-07-23,5,826,2372
629,Employee_629,17262,Engineer,2020-07-18,2,303,1594
630,Employee_630,26902,Engineer,2021-10-02,2,319,4200
631,Employee_631,27887,Manager,2021-04-10,6,759,4552
632,Employee_632,45714,Assistant,2022-04-17,3,636,2176
633,Employee_633,25349,Analyst,2022-05-26,5,655,4982
634,Employee_634,16970,Analyst,2023-02-08,5,283,3469
635,Employee_635,47183,Manager,2019-10-22,9,11,2265
636,Employee_636,21253,Analyst,2020-08-12,2,481,2485
637,Employee_637,48523,Analyst,2019-07-31,9,822,4025
638,Employee_638,37364,Engineer,2019-11-14,1,387,2851
639,Employee_639,49534,Engineer,2021-07-28,2,577,3684
640,Employee_640,41926,Analyst,2021-11-05,3,340,2379
641,Employee_641,19589,Analyst,2021-01-28,1,181,2018
642,Employee_642,41198,Assistant,2020-09-14,9,916,1562
643,Employee_643,42805,Engineer,2020-10-28,6,780,3096
644,Employee_644,18278,Manager,2019-10-27,3,303,3332
645,Employee_645,18181,Assistant,2022-04-11,1,880,2514
646,Employee_646,22529,Engineer,2019-12-19,9,687,3164
647,Employee_647,32880,Engineer,2019-08-10,6,587,1509
648,Employee_648,35306,Engineer,2019-12-25,2,560,4899
649,Employee_649,48867,Analyst,2023-02-22,9,456,4137
650,Employee_650,18891,Assistant,2022-06-17,3,742,4742
651,Employee_651,31402,Manager,2022-03-28,6,816,2596
652,Employee_652,44632,Engineer,2020-05-16,3,874,1514
653,Employee_653,21719,Assistant,2019-09-28,3,375,1893
654,Employee_654,49242,Analyst,2020-05-07,1,643,2988
655,Employee_655,26812,Manager,2020-07-26,7,526,1743
656,Employee_656,35434,Manager,2020-04-07,4,674,2502
657,Employee_657,25223,Manager,2021-06-19,1,815,3291
658,Employee_658,15623,Engineer,2019-12-07,1,863,2975
659,Employee_659,20083,Manager,2020-06-16,7,723,2753
660,Employee_660,32968,Manager,2022-06-15,2,656,3320
661,Employee_661,28700,Engineer,2022-06-28,5,916,3835
662,Employee_662,35058,Engineer,2022-03-31,3,862,3717
663,Employee_663,22393,Assistant,2022-03-24,4,619,2190
664,Employee_664,10266,Manager,2023-05-07,7,823,2434
665,Employee_665,39048,Analyst,2020-11-18,7,44,2275
666,Employee_666,12862,Manager,2022-03-22,8,841,1415
667,Employee_667,35080,Assistant,2022-03-24,6,688,2699
668,Employee_668,36365,Manager,2020-10-12,3,675,3306
669,Employee_669,33387,Analyst,2019-10-08,8,714,4727
670,Employee_670,44874,Manager,2023-02-26,3,507,3978
671,Employee_671,34544,Assistant,2021-11-19,4,649,4424
672,Employee_672,20900,Engineer,2021-10-18,3,335,3665
673,Employee_673,24342,Assistant,2022-01-08,3,690,1107
674,Employee_674,41589,Engineer,2022-01-02,3,513,3335
675,Employee_675,20334,Analyst,2020-06-19,6,674,1332
676,Employee_676,17408,Manager,2019-10-15,9,454,2267
677,Employee_677,44643,Engineer,2019-08-17,8,358,1793
678,Employee_678,13492,Engineer,2022-01-19,2,910,4624
679,Employee_679,40561,Engineer,2019-08-24,8,632,3800
680,Employee_680,10269,Engineer,2021-03-15,6,951,3647
681,Employee_681,40680,Assistant,2022-12-03,7,363,3158
682,Employee_682,42298,Engineer,2019-08-24,6,197,4298
683,Employee_683,16158,Manager,2022-09-05,1,728,2509
684,Employee_684,37189,Analyst,2023-02-06,4,640,4019
685,Employee_685,42313,Analyst,2021-02-13,5,990,1896
686,Employee_686,28971,Analyst,2020-08-19,3,262,4754
687,Employee_687,30835,Analyst,2019-09-13,1,327,4702
688,Employee_688,36107,Assistant,2020-09-16,2,51,3286
689,Employee_689,15053,Engineer,2021-05-03,3,868,2226
690,Employee_690,29134,Manager,2019-08-23,8,467,4994
691,Employee_691,29015,Engineer,2021-08-19,8,788,2960
692,Employee_692,43256,Analyst,2021-02-16,7,738,2409
693,Employee_693,19672,Manager,2022-12-19,4,306,4250
694,Employee_694,22531,Assistant,2022-08-18,9,85,4395
695,Employee_695,19266,Engineer,2019-12-20,9,617,2175
696,Employee_696,12086,Analyst,2022-03-11,8,577,1342
697,Employee_697,46715,Manager,2019-07-30,3,418,1030
698,Employee_698,35783,Assistant,2023-01-31,10,19,3181
699,Employee_699,44656,Manager,2021-08-01,4,891,3400
700,Employee_700,13853,Analyst,2022-10-08,9,51,4733
701,Employee_701,30655,Assistant,2023-04-01,4,896,2849
702,Employee_702,12886,Manager,2021-09-17,3,938,1758
703,Employee_703,34179,Manager,2021-07-29,1,256,4474
704,Employee_704,38858,Engineer,2021-09-23,1,479,3521
705,Employee_705,30735,Engineer,2021-03-14,8,518,1514
706,Employee_706,14605,Engineer,2021-01-09,9,325,4070
707,Employee_707,24656,Manager,2021-04-07,2,526,2314
708,Employee_708,29756,Analyst,2020-04-19,2,758,3001
709,Employee_709,30814,Analyst,2021-02-01,1,533,4406
710,Employee_710,47610,Manager,2020-01-02,4,901,4926
711,Employee_711,43107,Analyst,2023-02-25,7,720,1442
712,Employee_712,47154,Manager,2020-04-07,4,710,1303
713,Employee_713,17770,Analyst,2019-09-11,7,295,1896
714,Employee_714,17358,Manager,2022-06-11,4,56,2111
715,Employee_715,28920,Assistant,2019-10-09,7,719,2494
716,Employee_716,21688,Engineer,2022-03-30,7,136,2091
717,Employee_717,31729,Assistant,2023-03-20,3,665,2063
718,Employee_718,18167,Analyst,2020-08-23,1,761,3809
719,Employee_719,46739,Manager,2022-09-21,10,414,2239
720,Employee_720,16635,Analyst,2021-05-19,6,997,3828
721,Employee_721,20818,Manager,2020-06-09,3,812,1504
722,Employee_722,33521,Analyst,2021-03-08,9,401,1612
723,Employee_723,45787,Analyst,2019-11-13,5,386,3249
724,Employee_724,43627,Analyst,2023-01-04,6,419,3695
725,Employee_725,23721,Engineer,2019-06-21,6,740,3431
726,Employee_726,13156,Analyst,2022-06-25,5,511,2750
727,Employee_727,35065,Assistant,2022-09-01,10,841,3716
728,Employee_728,36532,Analyst,2023-05-10,8,758,3946
729,Employee_729,25266,Assistant,2022-06-25,6,892,1466
730,Employee_730,28543,Analyst,2022-06-05,4,675,4442
731,Employee_731,32856,Engineer,2019-09-07,1,780,3122
732,Employee_732,45315,Analyst,2020-12-15,2,410,3525
733,Employee_733,35891,Engineer,2021-03-23,10,677,1144
734,Employee_734,32873,Engineer,2020-05-08,4,878,1686
735,Employee_735,22374,Assistant,2022-02-15,7,20,2843
736,Employee_736,19647,Engineer,2021-03-21,8,874,3044
737,Employee_737,40786,Manager,2021-01-11,7,79,4488
738,Employee_738,33673,Analyst,2020-08-25,9,344,2536
739,Employee_739,45632,Analyst,2020-01-31,8,993,4289
740,Employee_740,28066,Manager,2023-01-08,8,384,2594
741,Employee_741,37001,Manager,2020-08-11,2,333,2215
742,Employee_742,47800,Engineer,2022-06-29,6,209,3328
743,Employee_743,23120,Manager,2020-11-26,1,396,4391
744,Employee_744,41732,Engineer,2022-02-06,3,15,3409
745,Employee_745,18729,Manager,2020-07-11,2,987,2513
746,Employee_746,42717,Assistant,2023-03-04,6,583,2619
747,Employee_747,31971,Engineer,2021-05-20,1,312,3621
748,Employee_748,48720,Analyst,2023-05-26,6,764,4417
749,Employee_749,28924,Analyst,2022-08-22,8,727,4569
750,Employee_750,46626,Analyst,2020-12-14,8,671,3455
751,Employee_751,33471,Analyst,2020-11-21,5,569,2477
752,Employee_752,46802,Analyst,2019-11-02,8,12,3192
753,Employee_753,11469,Assistant,2022-12-19,8,737,3257
754,Employee_754,15037,Assistant,2021-02-06,3,554,2085
755,Employee_755,39392,Manager,2022-08-13,10,342,1312
756,Employee_756,21306,Engineer,2022-12-31,7,31,2904
757,Employee_757,12538,Assistant,2020-05-11,8,361,4158
758,Employee_758,21114,Assistant,2023-03-25,10,538,2943
759,Employee_759,31222,Analyst,2021-06-28,4,924,4769
760,Employee_760,35921,Analyst,2023-02-28,7,234,2159
761,Employee_761,37879,Engineer,2022-03-16,10,703,2751
762,Employee_762,37547,Manager,2020-07-12,10,983,2050
763,Employee_763,21976,Manager,2020-07-03,4,517,2657
764,Employee_764,37203,Manager,2022-10-05,3,85,2421
765,Employee_765,39939,Assistant,2019-09-22,3,548,3153
766,Employee_766,15068,Assistant,2022-07-05,4,463,2243
767,Employee_767,49815,Assistant,2019-10-12,7,476,3418
768,Employee_768,41594,Assistant,2022-09-16,7,60,3655
769,Employee_769,13777,Manager,2021-05-10,7,707,2178
770,Employee_770,39070,Engineer,2021-10-14,7,159,2549
771,Employee_771,11322,Manager,2022-01-29,3,328,3826
772,Employee_772,40617,Assistant,2023-04-17,9,541,2593
773,Employee_773,12761,Engineer,2021-03-29,8,764,1138
774,Employee_774,28838,Analyst,2022-04-20,7,175,4571
775,Employee_775,23298,Manager,2020-05-27,3,533,2195
776,Employee_776,45015,Engineer,2021-04-02,7,246,1969
777,Employee_777,21496,Assistant,2022-04-16,8,462,3321
778,Employee_778,42384,Engineer,2022-08-13,3,147,4119
779,Employee_779,33156,Manager,2022-02-06,8,772,4545
780,Employee_780,48957,Analyst,2023-05-07,9,916,1746
781,Employee_781,29894,Assistant,2020-03-19,2,942,3393
782,Employee_782,27469,Analyst,2022-01-08,10,953,3888
783,Employee_783,42658,Assistant,2022-02-01,3,905,3076
784,Employee_784,41196,Manager,2023-04-20,10,915,4353
785,Employee_785,34462,Assistant,2020-06-22,9,766,4222
786,Employee_786,35993,Manager,2022-08-17,10,91,4205
787,Employee_787,24101,Engineer,2023-03-23,2,708,2028
788,Employee_788,13755,Manager,2019-12-09,10,367,2878
789,Employee_789,15171,Engineer,2019-10-26,4,579,4728
790,Employee_790,36471,Analyst,2021-05-04,7,87,2502
791,Employee_791,25215,Engineer,2020-04-26,7,33,2025
792,Employee_792,12748,Engineer,2019-06-29,4,603,3217
793,Employee_793,30719,Assistant,2022-03-31,10,727,3624
794,Employee_794,32245,Analyst,2020-11-10,9,290,3441
795,Employee_795,10955,Analyst,2020-12-13,7,573,2937
796,Employee_796,40238,Engineer,2020-12-01,1,354,2656
797,Employee_797,30601,Engineer,2022-11-14,1,686,4863
798,Employee_798,36434,Analyst,2021-07-10,4,771,4302
799,Employee_799,20871,Assistant,2021-01-20,4,217,1227
800,Employee_800,25982,Analyst,2019-08-23,7,622,1407
801,Employee_801,40593,Manager,2022-12-16,7,566,2535
802,Employee_802,45564,Engineer,2022-01-07,4,350,3394
803,Employee_803,24523,Manager,2021-09-07,4,160,3628
804,Employee_804,38745,Engineer,2020-11-01,9,96,2431
805,Employee_805,33966,Engineer,2019-08-07,9,950,2624
806,Employee_806,35271,Analyst,2020-08-05,3,141,1253
807,Employee_807,40684,Manager,2020-08-15,3,514,1160
808,Employee_808,29895,Engineer,2019-08-29,8,187,3442
809,Employee_809,17673,Analyst,2020-05-08,10,437,1631
810,Employee_810,46201,Assistant,2021-02-21,1,627,3149
811,Employee_811,28259,Analyst,2020-12-16,1,218,3508
812,Employee_812,22546,Analyst,2021-03-18,5,300,1046
813,Employee_813,47473,Assistant,2021-06-06,1,794,1758
814,Employee_814,39037,Manager,2020-07-15,9,907,3626
815,Employee_815,10378,Analyst,2022-01-30,6,834,3976
816,Employee_816,18661,Engineer,2019-11-11,6,949,2997
817,Employee_817,36196,Manager,2019-07-13,7,314,3375
818,Employee_818,38155,Analyst,2021-07-23,10,527,4437
819,Employee_819,16594,Engineer,2019-12-05,10,935,1485
820,Employee_820,41831,Manager,2019-08-01,2,180,1705
821,Employee_821,26010,Manager,2019-11-09,2,434,4711
822,Employee_822,13966,Analyst,2021-02-25,5,768,1061
823,Employee_823,17082,Manager,2021-07-12,3,929,4321
824,Employee_824,12419,Engineer,2022-08-26,8,247,4676
825,Employee_825,19495,Assistant,2020-04-17,8,113,4040
826,Employee_826,46577,Engineer,2020-01-18,8,821,4478
827,Employee_827,47173,Assistant,2023-06-01,3,179,3535
828,Employee_828,29942,Manager,2021-03-13,8,622,4835
829,Employee_829,46482,Analyst,2023-05-29,10,147,3388
830,Employee_830,41603,Engineer,2020-02-24,5,814,3550
831,Employee_831,23954,Manager,2022-06-05,5,117,3340
832,Employee_832,39817,Manager,2022-01-07,8,941,3974
833,Employee_833,30671,Manager,2021-05-31,1,693,3890
834,Employee_834,41257,Engineer,2022-09-06,10,911,1809
835,Employee_835,30185,Manager,2019-12-26,10,922,4371
836,Employee_836,28248,Analyst,2020-10-07,8,878,2700
837,Employee_837,25215,Analyst,2022-10-31,10,687,2655
838,Employee_838,45318,Analyst,2019-08-26,6,268,2731
839,Employee_839,22981,Manager,2022-05-07,10,238,3104
840,Employee_840,34510,Analyst,2022-05-18,3,969,3686
841,Employee_841,49333,Engineer,2022-12-03,8,350,1601
842,Employee_842,26919,Manager,2021-01-28,3,62,4346
843,Employee_843,27094,Assistant,2019-11-06,5,553,1545
844,Employee_844,34570,Engineer,2022-12-30,9,157,4666
845,Employee_845,29361,Assistant,2023-01-08,10,962,4203
846,Employee_846,46052,Engineer,2022-07-31,5,304,4196
847,Employee_847,46826,Assistant,2022-09-02,6,703,1006
848,Employee_848,40890,Analyst,2022-05-20,9,691,2238
849,Employee_849,34830,Engineer,2019-10-11,1,541,2487
850,Employee_850,36462,Manager,2021-10-26,3,5,1542
851,Employee_851,36598,Manager,2020-01-17,10,515,3156
852,Employee_852,33676,Assistant,2019-08-17,6,323,4724
853,Employee_853,21661,Assistant,2019-12-19,9,607,3693
854,Employee_854,40572,Assistant,2020-07-02,6,619,2778
855,Employee_855,21323,Engineer,2020-07-21,4,703,4903
856,Employee_856,19763,Engineer,2020-11-12,3,451,2631
857,Employee_857,10850,Analyst,2020-02-17,5,790,3173
858,Employee_858,22869,Assistant,2021-01-30,6,400,2856
859,Employee_859,15244,Analyst,2019-11-11,4,999,1177
860,Employee_860,35729,Assistant,2021-03-05,4,567,4944
861,Employee_861,36404,Analyst,2022-07-16,9,721,4480
862,Employee_862,23408,Engineer,2023-05-26,2,679,3347
863,Employee_863,49091,Engineer,2019-11-14,5,975,4157
864,Employee_864,17058,Analyst,2021-06-28,9,391,2267
865,Employee_865,34745,Assistant,2023-03-21,8,593,3747
866,Employee_866,16918,Manager,2020-09-18,4,290,2388
867,Employee_867,24165,Analyst,2021-12-27,5,11,1887
868,Employee_868,29859,Assistant,2020-09-11,2,863,1597
869,Employee_869,22238,Analyst,2022-01-23,1,974,1698
870,Employee_870,31580,Analyst,2021-07-16,7,280,2761
871,Employee_871,32882,Manager,2019-12-07,9,383,3394
872,Employee_872,38305,Engineer,2019-11-01,6,376,2448
873,Employee_873,30287,Manager,2020-12-01,6,657,4271
874,Employee_874,26092,Assistant,2022-04-28,4,641,3605
875,Employee_875,41291,Analyst,2019-10-12,1,693,1468
876,Employee_876,38143,Manager,2020-01-04,2,334,2819
877,Employee_877,31773,Engineer,2021-08-28,3,937,4699
878,Employee_878,46183,Assistant,2021-03-20,9,731,3257
879,Employee_879,25680,Manager,2019-09-15,9,137,3486
880,Employee_880,41803,Analyst,2023-06-02,6,744,1765
881,Employee_881,35435,Assistant,2019-10-31,9,994,1440
882,Employee_882,39855,Analyst,2019-10-22,9,187,1064
883,Employee_883,11013,Analyst,2019-07-17,7,538,4820
884,Employee_884,25046,Analyst,2023-03-31,10,80,4201
885,Employee_885,10365,Engineer,2021-04-08,6,479,3573
886,Employee_886,23375,Manager,2023-01-12,7,241,4314
887,Employee_887,35860,Engineer,2019-10-01,9,447,4737
888,Employee_888,49331,Assistant,2022-02-24,6,552,4430
889,Employee_889,47397,Engineer,2021-01-30,2,794,3587
890,Employee_890,24640,Manager,2023-03-15,4,646,2644
891,Employee_891,31202,Manager,2021-07-29,9,806,4548
892,Employee_892,33901,Manager,2022-12-10,3,558,1464
893,Employee_893,47253,Manager,2023-05-11,10,429,2573
894,Employee_894,22089,Manager,2023-04-29,3,993,4172
895,Employee_895,33578,Manager,2022-11-05,8,178,1854
896,Employee_896,37760,Engineer,2022-11-07,2,531,1062
897,Employee_897,36244,Assistant,2022-09-19,4,317,3906
898,Employee_898,26990,Engineer,2022-08-19,3,276,4262
899,Employee_899,19741,Manager,2022-03-01,4,488,1112
900,Employee_900,36833,Assistant,2020-10-16,4,109,1774
901,Employee_901,34063,Engineer,2019-11-08,7,642,1347
902,Employee_902,43982,Engineer,2020-09-21,7,18,4127
903,Employee_903,45134,Engineer,2022-12-29,5,218,3187
904,Employee_904,45085,Engineer,2021-08-10,10,507,3517
905,Employee_905,45086,Analyst,2020-12-04,9,73,2382
906,Employee_906,40397,Analyst,2020-09-29,8,479,4933
907,Employee_907,33991,Assistant,2019-09-03,10,47,3489
908,Employee_908,48511,Analyst,2023-05-22,7,639,3687
909,Employee_909,45698,Analyst,2023-04-04,9,336,4840
910,Employee_910,16919,Assistant,2023-02-14,3,300,4887
911,Employee_911,31716,Analyst,2019-12-13,3,668,1221
912,Employee_912,12525,Assistant,2022-03-11,5,173,1916
913,Employee_913,37105,Manager,2019-08-10,7,457,4802
914,Employee_914,27210,Engineer,2023-04-05,7,513,1878
915,Employee_915,30584,Manager,2019-11-01,6,148,3083
916,Employee_916,19654,Manager,2021-02-08,5,686,4900
917,Employee_917,38313,Engineer,2023-05-07,3,660,3371
918,Employee_918,24051,Manager,2022-11-11,6,606,2146
919,Employee_919,29811,Assistant,2021-03-23,3,340,2598
920,Employee_920,13435,Analyst,2020-03-12,2,330,4069
921,Employee_921,39993,Engineer,2019-10-24,6,64,2649
922,Employee_922,24228,Assistant,2022-09-06,10,470,3992
923,Employee_923,43147,Manager,2020-09-12,3,140,4604
924,Employee_924,40183,Assistant,2022-09-13,5,1,1123
925,Employee_925,21748,Analyst,2020-07-28,1,967,1351
926,Employee_926,47450,Analyst,2020-01-05,8,158,4951
927,Employee_927,46025,Engineer,2019-06-30,1,872,3630
928,Employee_928,45105,Assistant,2021-12-24,1,507,3803
929,Employee_929,22957,Manager,2020-05-06,4,314,1994
930,Employee_930,28500,Manager,2020-07-22,3,861,4624
931,Employee_931,33313,Assistant,2022-07-01,10,874,2827
932,Employee_932,37233,Analyst,2022-10-10,1,426,4609
933,Employee_933,40856,Assistant,2023-04-18,9,250,1149
934,Employee_934,47238,Manager,2019-09-27,10,678,4065
935,Employee_935,21571,Manager,2020-08-05,1,620,1798
936,Employee_936,31792,Engineer,2022-09-26,9,253,4009
937,Employee_937,17038,Manager,2022-01-21,6,425,4146
938,Employee_938,41754,Manager,2022-12-03,1,651,1187
939,Employee_939,18303,Engineer,2023-05-16,9,699,1259
940,Employee_940,15864,Assistant,2022-09-14,2,251,2511
941,Employee_941,25824,Analyst,2021-11-27,7,503,4852
942,Employee_942,11509,Manager,2021-10-21,5,250,3410
943,Employee_943,44376,Manager,2023-04-06,8,383,4696
944,Employee_944,22093,Manager,2023-05-17,5,505,1108
945,Employee_945,45609,Manager,2021-09-29,5,523,3991
946,Employee_946,35290,Analyst,2020-01-07,7,91,1941
947,Employee_947,22821,Analyst,2023-03-20,2,514,3710
948,Employee_948,27081,Analyst,2022-04-15,6,677,4774
949,Employee_949,23800,Engineer,2019-07-19,5,411,1833
950,Employee_950,31057,Engineer,2020-09-19,4,682,1006
951,Employee_951,22584,Engineer,2020-08-22,10,863,3091
952,Employee_952,10809,Analyst,2023-01-30,5,743,2607
953,Employee_953,45825,Engineer,2023-04-02,6,852,4158
954,Employee_954,43050,Manager,2021-12-28,8,623,2435
955,Employee_955,33909,Analyst,2019-10-16,8,946,1636
956,Employee_956,33832,Assistant,2022-05-16,7,396,2410
957,Employee_957,25866,Manager,2022-01-21,6,241,3449
958,Employee_958,29076,Analyst,2020-01-17,7,103,2192
959,Employee_959,40947,Analyst,2021-10-22,6,202,4359
960,Employee_960,46244,Manager,2022-09-14,2,968,2970
961,Employee_961,13419,Analyst,2022-05-19,2,158,3482
962,Employee_962,39199,Assistant,2022-07-13,10,183,4519
963,Employee_963,29504,Engineer,2020-08-12,1,528,2159
964,Employee_964,36809,Manager,2019-12-25,8,690,1131
965,Employee_965,43507,Analyst,2021-02-25,2,35,1374
966,Employee_966,15007,Assistant,2023-04-24,8,338,2324
967,Employee_967,44943,Manager,2020-11-07,10,883,3368
968,Employee_968,48969,Manager,2021-12-14,9,670,3370
969,Employee_969,12019,Analyst,2020-12-13,3,866,3721
970,Employee_970,15546,Manager,2021-05-22,1,576,2481
971,Employee_971,14038,Assistant,2022-08-04,10,824,3238
972,Employee_972,33951,Assistant,2022-08-24,3,960,4414
973,Employee_973,44478,Analyst,2020-03-06,3,379,4911
974,Employee_974,20568,Manager,2021-09-22,10,369,2807
975,Employee_975,15884,Assistant,2020-09-01,3,170,2280
976,Employee_976,16087,Engineer,2022-08-20,4,422,2955
977,Employee_977,32380,Assistant,2022-02-13,9,789,3141
978,Employee_978,23345,Engineer,2021-06-03,3,69,2772
979,Employee_979,28276,Assistant,2022-09-24,2,264,2497
980,Employee_980,29004,Assistant,2020-02-13,8,649,3386
981,Employee_981,23273,Engineer,2020-07-29,4,381,1906
982,Employee_982,22299,Analyst,2021-01-13,5,434,2932
983,Employee_983,32127,Manager,2021-09-30,8,600,2779
984,Employee_984,31162,Assistant,2022-06-30,2,635,4619
985,Employee_985,31700,Manager,2019-11-19,8,374,1265
986,Employee_986,19228,Manager,2020-02-17,5,662,2856
987,Employee_987,16168,Manager,2021-11-22,9,189,1389
988,Employee_988,20994,Analyst,2021-07-04,7,551,4298
989,Employee_989,33430,Analyst,2022-06-21,1,103,4424
990,Employee_990,28681,Manager,2021-02-07,4,277,4021
991,Employee_991,15482,Assistant,2020-07-25,5,805,1287
992,Employee_992,34644,Engineer,2021-07-09,1,228,4783
993,Employee_993,19742,Analyst,2020-04-28,3,119,1364
994,Employee_994,45594,Assistant,2022-05-23,3,512,1670
995,Employee_995,18316,Manager,2020-06-14,3,893,2723
996,Employee_996,36661,Assistant,2023-01-28,2,169,3854
997,Employee_997,30205,Engineer,2022-05-18,5,712,4279
998,Employee_998,36590,Analyst,2021-07-06,7,604,4432
999,Employee_999,43193,Assistant,2021-02-09,2,649,4648
1000,Employee_1000,13072,Manager,2020-05-14,6,746,1233
